{"valid/ce_q4":3.4998276233673096,"train/ppl":21.61124038696289,"valid/ce_q3":3.355790138244629,"train/duration":5469.8191928863525,"train/ppl_q2":21.502277374267578,"valid/ppl_q3":29.540828704833984,"valid/ce_q2":3.144641876220703,"train/grad_scale":11264,"valid/duration":818.8449912071228,"train/ppl_q4":29.95419692993164,"valid/ce_q1":2.6277859210968018,"train/ce":3.046011447906494,"train/ce_q4":3.3667407035827637,"generate/rtf":1.4483062152204842,"_timestamp":1.745894935731577e+09,"train/ce_q3":3.239718437194824,"valid/ppl_q4":34.21109390258789,"train/ce_q1":2.5374913215637207,"_runtime":63613.383891307,"valid/ce":3.1570115089416504,"generate/duration":149.3888611793518,"train/ce_q2":3.040095329284668,"_step":10,"train/lr":1.7285625290242024e-05,"train/grad_norm":1.8784394264221191,"train/ppl_q3":26.302846908569336,"valid/ppl_q2":23.86521339416504,"_wandb":{"runtime":63613},"evaluate/duration":0.0034084320068359375,"valid/ppl_q1":14.171845436096191,"valid/ppl":24.15035057067871,"train/ppl_q1":12.939324378967285}